Fecha;Concepto;Débito;Crédito
28/09/2026;RAPPI PEDIDO ALMUERZO;18.500,00;
29/09/2026;UBER VIAJE;9.800,00;
30/09/2026;CARGA SUBE;5.000,00;
30/09/2026;COMISION MANTENIMIENTO CUENTA;4.500,00;
01/10/2026;COWORKING LA MAQUINITA MENSUAL;85.000,00;
01/10/2026;IMPUESTO LEY 25413 DEBITOS Y CREDITOS;2.310,00;
02/10/2026;FIGMA PROFESSIONAL;21.000,00;
03/10/2026;ADOBE CREATIVE CLOUD SUSCRIPCION;42.000,00;
03/10/2026;TRANSF. A CUENTA PROPIA MERCADO PAGO;200.000,00;
04/10/2026;FIGMA PROFESSIONAL;21.000,00;
04/10/2026;TRANSF. RECIBIDA DE CUENTA PROPIA MERCADO PAGO;;200.000,00
05/10/2026;PEDIDOSYA CENA;16.400,00;
05/10/2026;CARGA SUBE;5.000,00;
06/10/2026;YPF COMBUSTIBLE;45.000,00;
06/10/2026;STARBUCKS;7.200,00;
07/10/2026;PAGO MONOTRIBUTO ARCA VEP;230.312,94;
08/10/2026;TELECENTRO INTERNET FIBRA;32.900,00;
08/10/2026;UBER VIAJE;8.900,00;
09/10/2026;TRANSFERENCIA RECIBIDA BRAND STUDIO SRL;;980.000,00
09/10/2026;GOOGLE ADS CAMPAÑA OCTUBRE;95.000,00;
09/10/2026;PEAJE AUSOL;2.100,00;
31/09/2026;DEBITO RECHAZADO REINTEGRO;1.000,00;
10/10/2026;TRANSFERENCIA RECIBIDA ACME CORP;;630.000,00
10/10/2026;AWS HOSTING SERVIDORES;118.000,00;
11/10/2026;UDEMY CURSO KUBERNETES;38.000,00;
11/10/2026;CAFE MARTINEZ REUNION;9.600,00;
11/10/2026;DIGITALOCEAN DROPLET;36.000,00;
12/10/2026;HONORARIOS CONTADORA OCTUBRE;110.000,00;
12/10/2026;MERCADOLIBRE MOUSE LOGITECH;52.000,00;
12/10/2026;ESTACIONAMIENTO CENTRO;6.500,00;
13/10/2026;TRANSFERENCIA RECIBIDA GRUPO DELTA SA;;1.850.000,00
13/10/2026;CABIFY VIAJE REUNION CLIENTE;11.200,00;
13/10/2026;PAGO TARJETA VISA;186.450,00;
14/10/2026;RAPPI PEDIDO ALMUERZO;17.900,00;
14/10/2026;INGRESOS BRUTOS CABA;148.000,00;
